id;creation_date;name;email;feedback
1;2021-06-22T12:59:32;system Web Rufiyaa;Milo_Weber@yahoo.com;interface hard
2;2021-06-22T22:24:54;generation one-to-one maximized;Anita.Ritchie82@hotmail.com;Baby
3;2021-06-23T00:04:39;scalable Ohio projection;Antonio49@hotmail.com;indexing
4;2021-06-22T16:43:23;calculate Fresh;Missouri_Rippin@hotmail.com;Malawi
5;2021-06-22T21:34:20;efficient orchid;Bernadette_Carter@yahoo.com;Account
6;2021-06-23T00:17:28;connect;Ottilie84@hotmail.com;Networked Wooden navigate
7;2021-06-22T15:54:28;e-enable Card;Leonardo_Monahan@gmail.com;Handcrafted Money
8;2021-06-23T02:13:18;HTTP;Martine.Waelchi@gmail.com;Ports AI enhance
9;2021-06-22T10:34:04;Gibraltar;Kristy42@gmail.com;Chile
10;2021-06-22T06:19:28;Intelligent Handmade;Kristin72@yahoo.com;Rubber feed
